{
  "date": "2025-12-01",
  "generated_at": "2025-12-01T18:09:06.309104+00:00",
  "attestations": [
    {
      "control_name": "_attest_risk_limits",
      "status": "ERROR",
      "error": "cannot import name 'get_risk_engine' from 'src.quantracore_apex.risk' (/home/runner/workspace/src/quantracore_apex/risk/__init__.py)"
    },
    {
      "control_id": "MODEL-001",
      "control_name": "ApexCore Model Health Check",
      "status": "NOT_APPLICABLE",
      "details": {
        "error": "cannot import name 'get_prediction_service' from 'src.quantracore_apex.prediction' (/home/runner/wor"
      },
      "attestation_id": "ATT-20251201180906-0001"
    },
    {
      "control_id": "DATA-001",
      "control_name": "Data Source Quality Verification",
      "status": "PASSED",
      "details": {
        "alpaca_api": {
          "status": "ok",
          "configured": true
        },
        "polygon_api": {
          "status": "ok",
          "configured": true
        },
        "local_cache": {
          "status": "ok",
          "cache_dir_exists": true
        }
      },
      "attestation_id": "ATT-20251201180906-0002"
    },
    {
      "control_id": "SYS-001",
      "control_name": "System Availability Check",
      "status": "PASSED",
      "details": {
        "uptime_hours": 15.21,
        "uptime_seconds": 54755.77
      },
      "attestation_id": "ATT-20251201180906-0003"
    },
    {
      "control_id": "TRADE-001",
      "control_name": "Trading Control Verification",
      "status": "PASSED",
      "details": {
        "omega_directives_enabled": true,
        "position_limits_enforced": true,
        "stop_loss_mandatory": true,
        "leverage_limits_active": true
      },
      "attestation_id": "ATT-20251201180906-0004"
    },
    {
      "control_id": "SEC-001",
      "control_name": "Security Control Verification",
      "status": "PASSED",
      "details": {
        "api_key_secured": true,
        "cors_restricted": true,
        "rate_limiting_active": true,
        "x_api_key_required": true
      },
      "attestation_id": "ATT-20251201180906-0005"
    },
    {
      "control_id": "RET-001",
      "control_name": "Data Retention Policy Compliance",
      "status": "PASSED",
      "details": {
        "trades_dir_exists": true,
        "compliance_dir_exists": true,
        "audit_dir_exists": true,
        "legal_dir_exists": true
      },
      "attestation_id": "ATT-20251201180906-0006"
    },
    {
      "control_id": "BAK-001",
      "control_name": "Backup System Status",
      "status": "PASSED",
      "details": {
        "replit_backups": true,
        "git_version_control": true
      },
      "attestation_id": "ATT-20251201180906-0007"
    }
  ],
  "summary": {
    "total": 7,
    "passed": 6,
    "failed": 0,
    "waived": 0
  }
}